County,State(Code),Deaths,Population,Crude Rate Per 100000
Baldwin County, AL (01003),21,"208,563",10.1
Butler County, AL (01013),10,"19,998",Unreliable
Colbert County, AL (01033),11,"54,216",Unreliable
Cullman County, AL (01043),17,"82,471",Unreliable
Etowah County, AL (01055),11,"102,564",Unreliable
Houston County, AL (01069),16,"104,056",Unreliable
Jefferson County, AL (01073),59,"659,521",8.9
Lauderdale County, AL (01077),12,"92,318",Unreliable
Lee County, AL (01081),17,"158,991",Unreliable
Madison County, AL (01089),48,"356,967",13.4
Marshall County, AL (01095),11,"95,157",Unreliable
Mobile County, AL (01097),50,"414,836",12.1
Monroe County, AL (01099),13,"21,530",Unreliable
Montgomery County, AL (01101),55,"226,349",24.3
Russell County, AL (01113),14,"58,172",Unreliable
Tuscaloosa County, AL (01125),11,"206,102",Unreliable
Anchorage Borough, AK (02020),11,"298,192",Unreliable
Cochise County, AZ (04003),14,"125,770",Unreliable
Gila County, AZ (04007),11,"53,556",Unreliable
Maricopa County, AZ (04013),654,"4,242,997",15.4
Mohave County, AZ (04015),51,"205,249",24.8
Navajo County, AZ (04017),14,"110,026",Unreliable
Pima County, AZ (04019),134,"1,016,206",13.2
Pinal County, AZ (04021),70,"418,540",16.7
Yavapai County, AZ (04025),28,"225,562",12.4
Yuma County, AZ (04027),14,"205,631",Unreliable
Benton County, AR (05007),31,"258,291",12
Cleburne County, AR (05023),10,"25,264",Unreliable
Garland County, AR (05051),16,"97,477",Unreliable
Miller County, AR (05091),14,"43,787",Unreliable
Pulaski County, AR (05119),50,"393,250",12.7
Saline County, AR (05125),11,"118,703",Unreliable
Sebastian County, AR (05131),19,"127,793",Unreliable
Washington County, AR (05143),15,"228,049",Unreliable
Alameda County, CA (06001),222,"1,647,704",13.5
Butte County, CA (06007),26,"226,864",11.5
Contra Costa County, CA (06013),175,"1,135,127",15.4
El Dorado County, CA (06017),33,"185,625",17.8
Fresno County, CA (06019),217,"979,915",22.1
Humboldt County, CA (06023),13,"136,646",Unreliable
Imperial County, CA (06025),26,"180,883",14.4
Kern County, CA (06029),103,"884,788",11.6
Kings County, CA (06031),11,"149,785",Unreliable
Los Angeles County, CA (06037),"1,299","10,137,915",12.8
Madera County, CA (06039),28,"154,697",18.1
Marin County, CA (06041),28,"260,651",10.7
Mendocino County, CA (06045),10,"87,628",Unreliable
Merced County, CA (06047),28,"268,672",10.4
Monterey County, CA (06053),43,"435,232",9.9
Napa County, CA (06055),12,"142,166",Unreliable
Nevada County, CA (06057),14,"99,107",Unreliable
Orange County, CA (06059),266,"3,172,532",8.4
Placer County, CA (06061),43,"380,531",11.3
Riverside County, CA (06065),265,"2,387,741",11.1
Sacramento County, CA (06067),244,"1,514,460",16.1
San Benito County, CA (06069),11,"59,414",Unreliable
San Bernardino County, CA (06071),219,"2,140,096",10.2
San Diego County, CA (06073),403,"3,317,749",12.1
San Francisco County, CA (06075),74,"870,887",8.5
San Joaquin County, CA (06077),83,"733,709",11.3
San Luis Obispo County, CA (06079),31,"282,887",11
San Mateo County, CA (06081),86,"764,797",11.2
Santa Barbara County, CA (06083),35,"446,170",7.8
Santa Clara County, CA (06085),412,"1,919,402",21.5
Santa Cruz County, CA (06087),42,"274,673",15.3
Shasta County, CA (06089),32,"179,631",17.8
Siskiyou County, CA (06093),12,"43,603",Unreliable
Solano County, CA (06095),72,"440,207",16.4
Sonoma County, CA (06097),68,"503,070",13.5
Stanislaus County, CA (06099),81,"541,560",15
Sutter County, CA (06101),14,"96,651",Unreliable
Tehama County, CA (06103),12,"63,276",Unreliable
Tulare County, CA (06107),89,"460,437",19.3
Ventura County, CA (06111),134,"849,738",15.8
Yolo County, CA (06113),28,"215,802",13
Yuba County, CA (06115),10,"75,275",Unreliable
Adams County, CO (08001),14,"498,187",Unreliable
Arapahoe County, CO (08005),33,"637,068",5.2
Boulder County, CO (08013),14,"322,226",Unreliable
Denver County, CO (08031),23,"693,060",3.3
El Paso County, CO (08041),45,"688,284",6.5
Jefferson County, CO (08059),16,"571,837",Unreliable
Larimer County, CO (08069),17,"339,993",Unreliable
Mesa County, CO (08077),12,"150,083",Unreliable
Pueblo County, CO (08101),13,"165,123",Unreliable
Weld County, CO (08123),14,"294,932",Unreliable
Fairfield County, CT (09001),51,"944,177",5.4
Hartford County, CT (09003),100,"892,389",11.2
Litchfield County, CT (09005),18,"182,571",Unreliable
Middlesex County, CT (09007),12,"163,329",Unreliable
New Haven County, CT (09009),93,"856,875",10.9
New London County, CT (09011),28,"269,801",10.4
Kent County, DE (10001),12,"174,827",Unreliable
New Castle County, DE (10003),32,"556,987",5.7
Sussex County, DE (10005),15,"220,251",Unreliable
District of Columbia, DC (11001),69,"681,170",10.1
Alachua County, FL (12001),34,"263,496",12.9
Bay County, FL (12005),31,"183,974",16.9
Bradford County, FL (12007),11,"26,926",Unreliable
Brevard County, FL (12009),52,"579,130",9
Broward County, FL (12011),166,"1,909,632",8.7
Charlotte County, FL (12015),38,"178,465",21.3
Citrus County, FL (12017),80,"143,621",55.7
Clay County, FL (12019),22,"208,311",10.6
Collier County, FL (12021),32,"365,136",8.8
Columbia County, FL (12023),11,"69,299",Unreliable
Duval County, FL (12031),135,"926,255",14.6
Escambia County, FL (12033),39,"315,187",12.4
Flagler County, FL (12035),19,"108,310",Unreliable
Gadsden County, FL (12039),11,"46,006",Unreliable
Hernando County, FL (12053),37,"182,835",20.2
Highlands County, FL (12055),14,"100,917",Unreliable
Hillsborough County, FL (12057),135,"1,376,238",9.8
Indian River County, FL (12061),28,"151,563",18.5
Lake County, FL (12069),57,"335,396",17
Lee County, FL (12071),120,"722,336",16.6
Leon County, FL (12073),22,"287,822",7.6
Manatee County, FL (12081),58,"375,888",15.4
Marion County, FL (12083),69,"349,020",19.8
Martin County, FL (12085),11,"158,701",Unreliable
Miami-Dade County, FL (12086),269,"2,712,945",9.9
Okaloosa County, FL (12091),18,"201,170",Unreliable
Orange County, FL (12095),99,"1,314,367",7.5
Osceola County, FL (12097),18,"336,015",Unreliable
Palm Beach County, FL (12099),137,"1,443,810",9.5
Pasco County, FL (12101),62,"512,368",12.1
Pinellas County, FL (12103),121,"960,730",12.6
Polk County, FL (12105),70,"666,149",10.5
Putnam County, FL (12107),10,"72,277",Unreliable
St. Johns County, FL (12109),21,"235,087",8.9
St. Lucie County, FL (12111),37,"306,507",12.1
Santa Rosa County, FL (12113),11,"170,497",Unreliable
Sarasota County, FL (12115),54,"412,569",13.1
Seminole County, FL (12117),54,"455,479",11.9
Sumter County, FL (12119),14,"123,996",Unreliable
Volusia County, FL (12127),116,"529,364",21.9
Walton County, FL (12131),12,"65,889",Unreliable
Barrow County, GA (13013),16,"77,126",Unreliable
Bibb County, GA (13021),17,"152,760",Unreliable
Brooks County, GA (13027),12,"15,687",Unreliable
Bulloch County, GA (13031),18,"74,722",Unreliable
Carroll County, GA (13045),13,"116,261",Unreliable
Catoosa County, GA (13047),11,"66,398",Unreliable
Chatham County, GA (13051),25,"289,082",8.6
Clayton County, GA (13063),29,"279,462",10.4
Cobb County, GA (13067),37,"748,150",4.9
Columbia County, GA (13073),25,"147,450",17
DeKalb County, GA (13089),110,"740,321",14.9
Dougherty County, GA (13095),41,"90,017",45.5
Forsyth County, GA (13117),13,"221,009",Unreliable
Fulton County, GA (13121),128,"1,023,336",12.5
Gwinnett County, GA (13135),58,"907,135",6.4
Hall County, GA (13139),18,"196,637",Unreliable
Henry County, GA (13151),15,"221,768",Unreliable
Houston County, GA (13153),11,"152,122",Unreliable
Jackson County, GA (13157),12,"64,615",Unreliable
Lowndes County, GA (13185),25,"114,628",21.8
Muscogee County, GA (13215),28,"197,485",14.2
Putnam County, GA (13237),16,"21,477",Unreliable
Randolph County, GA (13243),12,"7,177",Unreliable
Richmond County, GA (13245),11,"201,647",Unreliable
Spalding County, GA (13255),14,"64,806",Unreliable
Thomas County, GA (13275),13,"45,248",Unreliable
Troup County, GA (13285),17,"70,005",Unreliable
Hawaii County, HI (15001),14,"198,449",Unreliable
Honolulu County, HI (15003),72,"992,605",7.3
Kauai County, HI (15007),10,"72,029",Unreliable
Maui County, HI (15009),20,"165,386",12.1
Ada County, ID (16001),15,"444,028",Unreliable
Bonneville County, ID (16019),11,"112,232",Unreliable
Canyon County, ID (16027),19,"211,698",Unreliable
Kootenai County, ID (16055),15,"154,311",Unreliable
Nez Perce County, ID (16069),10,"40,369",Unreliable
Adams County, IL (17001),13,"66,578",Unreliable
Champaign County, IL (17019),13,"208,419",Unreliable
Coles County, IL (17029),18,"52,343",Unreliable
Cook County, IL (17031),476,"5,203,499",9.1
DuPage County, IL (17043),43,"929,368",4.6
Effingham County, IL (17049),10,"34,386",Unreliable
Kane County, IL (17089),30,"531,715",5.6
Kankakee County, IL (17091),12,"110,008",Unreliable
Kendall County, IL (17093),10,"124,695",Unreliable
Lake County, IL (17097),28,"703,047",4
LaSalle County, IL (17099),13,"110,642",Unreliable
McHenry County, IL (17111),28,"307,004",9.1
Macon County, IL (17115),14,"106,550",Unreliable
Madison County, IL (17119),33,"265,759",12.4
Marion County, IL (17121),16,"38,140",Unreliable
Peoria County, IL (17143),14,"185,006",Unreliable
Rock Island County, IL (17161),21,"144,784",14.5
St. Clair County, IL (17163),41,"262,759",15.6
Sangamon County, IL (17167),14,"197,499",Unreliable
Tazewell County, IL (17179),14,"134,385",Unreliable
Vermilion County, IL (17183),12,"78,111",Unreliable
Will County, IL (17197),48,"689,529",7
Winnebago County, IL (17201),23,"285,873",8
Allen County, IN (18003),67,"370,404",18.1
Clark County, IN (18019),13,"116,031",Unreliable
Delaware County, IN (18035),31,"115,603",26.8
Elkhart County, IN (18039),30,"203,781",14.7
Floyd County, IN (18043),13,"76,990",Unreliable
Hamilton County, IN (18057),14,"316,373",Unreliable
Howard County, IN (18067),12,"82,568",Unreliable
Lake County, IN (18089),77,"485,846",15.8
La Porte County, IN (18091),25,"110,015",22.7
Lawrence County, IN (18093),10,"45,518",Unreliable
Madison County, IN (18095),10,"129,296",Unreliable
Marion County, IN (18097),68,"941,229",7.2
Monroe County, IN (18105),10,"145,496",Unreliable
Montgomery County, IN (18107),10,"38,074",Unreliable
Porter County, IN (18127),20,"167,791",11.9
St. Joseph County, IN (18141),59,"269,141",21.9
Tippecanoe County, IN (18157),14,"188,059",Unreliable
Vanderburgh County, IN (18163),32,"181,721",17.6
Vigo County, IN (18167),12,"107,931",Unreliable
Washington County, IN (18175),15,"27,670",Unreliable
Wayne County, IN (18177),14,"66,568",Unreliable
Black Hawk County, IA (19013),40,"132,904",30.1
Cerro Gordo County, IA (19033),15,"43,070",Unreliable
Johnson County, IA (19103),14,"146,547",Unreliable
Linn County, IA (19113),16,"221,661",Unreliable
Polk County, IA (19153),30,"474,045",6.3
Pottawattamie County, IA (19155),12,"93,582",Unreliable
Scott County, IA (19163),14,"172,474",Unreliable
Woodbury County, IA (19193),12,"102,779",Unreliable
Johnson County, KS (20091),25,"584,451",4.3
Saline County, KS (20169),13,"55,142",Unreliable
Sedgwick County, KS (20173),33,"511,995",6.4
Shawnee County, KS (20177),12,"178,146",Unreliable
Wyandotte County, KS (20209),20,"163,831",12.2
Christian County, KY (21047),13,"72,351",Unreliable
Daviess County, KY (21059),14,"99,674",Unreliable
Fayette County, KY (21067),34,"318,449",10.7
Jefferson County, KY (21111),60,"765,352",7.8
Kenton County, KY (21117),12,"164,945",Unreliable
Shelby County, KY (21211),12,"46,408",Unreliable
Avoyelles Parish, LA (22009),15,"41,117",Unreliable
Caddo Parish, LA (22017),75,"248,851",30.1
East Baton Rouge Parish, LA (22033),10,"447,037",Unreliable
Jackson Parish, LA (22049),11,"15,808",Unreliable
Jefferson Parish, LA (22051),30,"436,523",6.9
Lafourche Parish, LA (22057),12,"98,305",Unreliable
Lincoln Parish, LA (22061),13,"47,745",Unreliable
Morehouse Parish, LA (22067),11,"26,071",Unreliable
Orleans Parish, LA (22071),29,"391,495",7.4
Ouachita Parish, LA (22073),25,"156,983",15.9
St. Tammany Parish, LA (22103),10,"253,602",Unreliable
Tangipahoa Parish, LA (22105),22,"130,710",16.8
Union Parish, LA (22111),11,"22,487",Unreliable
Aroostook County, ME (23003),12,"67,959",Unreliable
Cumberland County, ME (23005),19,"292,041",Unreliable
Kennebec County, ME (23011),11,"120,569",Unreliable
Oxford County, ME (23017),15,"57,217",Unreliable
Penobscot County, ME (23019),11,"151,806",Unreliable
York County, ME (23031),10,"202,343",Unreliable
Anne Arundel County, MD (24003),42,"568,346",7.4
Baltimore County, MD (24005),88,"831,026",10.6
Carroll County, MD (24013),10,"167,656",Unreliable
Charles County, MD (24017),20,"157,705",12.7
Frederick County, MD (24021),18,"247,591",Unreliable
Harford County, MD (24025),16,"251,032",Unreliable
Howard County, MD (24027),28,"317,233",8.8
Montgomery County, MD (24031),72,"1,043,863",6.9
Prince George's County, MD (24033),94,"908,049",10.4
St. Mary's County, MD (24037),10,"112,587",Unreliable
Washington County, MD (24043),24,"150,292",16
Wicomico County, MD (24045),16,"102,577",Unreliable
Baltimore city, MD (24510),77,"614,664",12.5
Barnstable County, MA (25001),28,"214,276",13.1
Berkshire County, MA (25003),22,"126,903",17.3
Bristol County, MA (25005),47,"558,324",8.4
Essex County, MA (25009),65,"779,018",8.3
Hampden County, MA (25013),54,"468,467",11.5
Hampshire County, MA (25015),11,"161,816",Unreliable
Middlesex County, MA (25017),117,"1,589,774",7.4
Norfolk County, MA (25021),73,"697,181",10.5
Plymouth County, MA (25023),38,"513,565",7.4
Suffolk County, MA (25025),81,"784,230",10.3
Worcester County, MA (25027),79,"819,589",9.6
Berrien County, MI (26021),19,"154,010",Unreliable
Calhoun County, MI (26025),15,"134,386",Unreliable
Eaton County, MI (26045),20,"109,160",18.3
Genesee County, MI (26049),42,"408,615",10.3
Ingham County, MI (26065),12,"288,051",Unreliable
Jackson County, MI (26075),19,"158,460",Unreliable
Kalamazoo County, MI (26077),14,"261,654",Unreliable
Kent County, MI (26081),41,"642,173",6.4
Lenawee County, MI (26091),14,"98,504",Unreliable
Livingston County, MI (26093),15,"188,624",Unreliable
Macomb County, MI (26099),94,"867,730",10.8
Monroe County, MI (26115),15,"149,208",Unreliable
Muskegon County, MI (26121),20,"173,408",11.5
Oakland County, MI (26125),110,"1,243,970",8.8
Ottawa County, MI (26139),17,"282,250",Unreliable
Saginaw County, MI (26145),22,"192,326",11.4
St. Clair County, MI (26147),31,"159,587",19.4
Washtenaw County, MI (26161),19,"364,709",Unreliable
Wayne County, MI (26163),198,"1,749,366",11.3
Anoka County, MN (27003),25,"345,957",7.2
Dakota County, MN (27037),28,"417,486",6.7
Douglas County, MN (27041),11,"37,456",Unreliable
Hennepin County, MN (27053),128,"1,232,483",10.4
Ramsey County, MN (27123),52,"540,649",9.6
St. Louis County, MN (27137),31,"199,980",15.5
Scott County, MN (27139),17,"143,680",Unreliable
Sherburne County, MN (27141),11,"93,528",Unreliable
Stearns County, MN (27145),15,"155,652",Unreliable
Washington County, MN (27163),13,"253,117",Unreliable
Wright County, MN (27171),11,"132,550",Unreliable
Bolivar County, MS (28011),18,"32,737",Unreliable
DeSoto County, MS (28033),23,"175,611",13.1
Hinds County, MS (28049),60,"241,229",24.9
Jackson County, MS (28059),16,"141,241",Unreliable
Jones County, MS (28067),14,"67,953",Unreliable
Lee County, MS (28081),18,"85,381",Unreliable
Leflore County, MS (28083),20,"29,856",67
Lincoln County, MS (28085),10,"34,523",Unreliable
Madison County, MS (28089),14,"105,114",Unreliable
Neshoba County, MS (28099),10,"29,403",Unreliable
Pike County, MS (28113),29,"39,667",73.1
Rankin County, MS (28121),30,"150,228",20
Tallahatchie County, MS (28135),15,"14,394",Unreliable
Warren County, MS (28149),11,"47,140",Unreliable
Washington County, MS (28151),16,"47,231",Unreliable
Audrain County, MO (29007),16,"26,021",Unreliable
Clay County, MO (29047),24,"239,085",10
Cole County, MO (29051),10,"76,631",Unreliable
Greene County, MO (29077),18,"288,690",Unreliable
Jackson County, MO (29095),41,"691,801",5.9
Jefferson County, MO (29099),21,"224,226",9.4
Laclede County, MO (29105),11,"35,490",Unreliable
Moniteau County, MO (29135),20,"16,018",124.9
Morgan County, MO (29141),11,"20,213",Unreliable
Platte County, MO (29165),12,"98,309",Unreliable
St. Charles County, MO (29183),29,"390,918",7.4
St. Louis County, MO (29189),85,"998,581",8.5
St. Louis city, MO (29510),23,"311,404",7.4
Yellowstone County, MT (30111),19,"158,437",Unreliable
Douglas County, NE (31055),79,"554,995",14.2
Lancaster County, NE (31109),45,"309,637",14.5
Sarpy County, NE (31153),13,"179,023",Unreliable
Scotts Bluff County, NE (31157),10,"36,422",Unreliable
Clark County, NV (32003),163,"2,155,664",7.6
Lyon County, NV (32019),12,"53,179",Unreliable
Nye County, NV (32023),12,"43,423",Unreliable
Washoe County, NV (32031),32,"453,616",7.1
Cheshire County, NH (33005),11,"75,774",Unreliable
Hillsborough County, NH (33011),30,"407,761",7.4
Merrimack County, NH (33013),13,"148,582",Unreliable
Rockingham County, NH (33015),20,"303,251",6.6
Atlantic County, NJ (34001),40,"270,991",14.8
Bergen County, NJ (34003),76,"939,151",8.1
Burlington County, NJ (34005),36,"449,284",8
Camden County, NJ (34007),55,"510,150",10.8
Cumberland County, NJ (34011),20,"153,797",13
Essex County, NJ (34013),76,"796,914",9.5
Gloucester County, NJ (34015),32,"292,330",10.9
Hudson County, NJ (34017),60,"677,983",8.8
Mercer County, NJ (34021),34,"371,023",9.2
Middlesex County, NJ (34023),67,"837,073",8
Monmouth County, NJ (34025),44,"625,846",7
Morris County, NJ (34027),47,"498,423",9.4
Ocean County, NJ (34029),52,"592,497",8.8
Passaic County, NJ (34031),48,"507,945",9.4
Somerset County, NJ (34035),33,"333,751",9.9
Union County, NJ (34039),40,"555,630",7.2
Bernalillo County, NM (35001),38,"676,953",5.6
Chaves County, NM (35005),18,"65,282",Unreliable
Dona Ana County, NM (35013),20,"214,207",9.3
Lea County, NM (35025),12,"69,749",Unreliable
Albany County, NY (36001),45,"308,846",14.6
Bronx County, NY (36005),262,"1,455,720",18
Broome County, NY (36007),34,"195,334",17.4
Cattaraugus County, NY (36009),10,"77,677",Unreliable
Chautauqua County, NY (36013),34,"129,504",26.3
Chenango County, NY (36017),10,"48,579",Unreliable
Columbia County, NY (36021),13,"60,989",Unreliable
Delaware County, NY (36025),12,"45,523",Unreliable
Dutchess County, NY (36027),30,"294,473",10.2
Erie County, NY (36029),141,"921,046",15.3
Genesee County, NY (36037),11,"58,482",Unreliable
Herkimer County, NY (36043),13,"62,613",Unreliable
Kings County, NY (36047),340,"2,629,150",12.9
Monroe County, NY (36055),46,"747,727",6.2
Montgomery County, NY (36057),17,"49,276",Unreliable
Nassau County, NY (36059),138,"1,361,500",10.1
New York County, NY (36061),215,"1,643,734",13.1
Niagara County, NY (36063),47,"211,758",22.2
Oneida County, NY (36065),36,"231,190",15.6
Onondaga County, NY (36067),69,"466,194",14.8
Ontario County, NY (36069),12,"109,828",Unreliable
Orange County, NY (36071),35,"379,210",9.2
Oswego County, NY (36075),15,"118,987",Unreliable
Otsego County, NY (36077),11,"60,097",Unreliable
Queens County, NY (36081),278,"2,333,054",11.9
Rensselaer County, NY (36083),26,"160,070",16.2
Richmond County, NY (36085),54,"476,015",11.3
Rockland County, NY (36087),28,"326,780",8.6
St. Lawrence County, NY (36089),13,"110,038",Unreliable
Saratoga County, NY (36091),31,"227,053",13.7
Schenectady County, NY (36093),26,"154,553",16.8
Suffolk County, NY (36103),150,"1,492,583",10
Ulster County, NY (36111),19,"179,225",Unreliable
Westchester County, NY (36119),114,"974,542",11.7
Wyoming County, NY (36121),10,"40,791",Unreliable
Alamance County, NC (37001),12,"159,688",Unreliable
Beaufort County, NC (37013),11,"47,526",Unreliable
Buncombe County, NC (37021),22,"256,088",8.6
Catawba County, NC (37035),18,"156,459",Unreliable
Cleveland County, NC (37045),13,"97,144",Unreliable
Columbus County, NC (37047),10,"56,505",Unreliable
Cumberland County, NC (37051),42,"327,127",12.8
Davidson County, NC (37057),16,"164,926",Unreliable
Duplin County, NC (37061),10,"58,969",Unreliable
Durham County, NC (37063),24,"306,212",7.8
Edgecombe County, NC (37065),11,"53,318",Unreliable
Forsyth County, NC (37067),37,"371,511",10
Gaston County, NC (37071),19,"216,965",Unreliable
Guilford County, NC (37081),47,"521,330",9
Halifax County, NC (37083),19,"51,766",Unreliable
Harnett County, NC (37085),17,"130,881",Unreliable
Hertford County, NC (37091),12,"24,136",Unreliable
Iredell County, NC (37097),11,"172,916",Unreliable
Johnston County, NC (37101),16,"191,450",Unreliable
Lenoir County, NC (37107),14,"57,307",Unreliable
Mecklenburg County, NC (37119),63,"1,054,835",6
Moore County, NC (37125),12,"95,776",Unreliable
Nash County, NC (37127),18,"94,005",Unreliable
New Hanover County, NC (37129),14,"223,483",Unreliable
Onslow County, NC (37133),11,"187,136",Unreliable
Orange County, NC (37135),11,"141,796",Unreliable
Pitt County, NC (37147),13,"177,220",Unreliable
Richmond County, NC (37153),10,"44,939",Unreliable
Robeson County, NC (37155),24,"133,235",18
Rockingham County, NC (37157),25,"91,393",27.4
Rowan County, NC (37159),21,"139,933",15
Sampson County, NC (37163),11,"63,124",Unreliable
Surry County, NC (37171),13,"72,113",Unreliable
Union County, NC (37179),11,"226,606",Unreliable
Wake County, NC (37183),74,"1,046,791",7.1
Wayne County, NC (37191),21,"124,150",16.9
Wilson County, NC (37195),16,"81,661",Unreliable
Burleigh County, ND (38015),12,"94,487",Unreliable
Cass County, ND (38017),24,"175,249",13.7
Allen County, OH (39003),15,"103,742",Unreliable
Ashland County, OH (39005),14,"53,652",Unreliable
Belmont County, OH (39013),12,"68,673",Unreliable
Butler County, OH (39017),30,"377,537",7.9
Clark County, OH (39023),31,"134,786",23
Clermont County, OH (39025),12,"203,022",Unreliable
Columbiana County, OH (39029),16,"103,685",Unreliable
Crawford County, OH (39033),11,"42,083",Unreliable
Cuyahoga County, OH (39035),173,"1,249,352",13.8
Erie County, OH (39043),17,"75,107",Unreliable
Fairfield County, OH (39045),24,"152,597",15.7
Franklin County, OH (39049),116,"1,264,518",9.2
Greene County, OH (39057),14,"164,765",Unreliable
Hamilton County, OH (39061),79,"809,099",9.8
Huron County, OH (39077),21,"58,439",35.9
Jefferson County, OH (39081),17,"66,704",Unreliable
Lake County, OH (39085),20,"228,614",8.7
Licking County, OH (39089),28,"172,198",16.3
Lorain County, OH (39093),38,"306,365",12.4
Lucas County, OH (39095),41,"432,488",9.5
Mahoning County, OH (39099),28,"230,008",12.2
Marion County, OH (39101),21,"65,096",32.3
Medina County, OH (39103),14,"177,221",Unreliable
Montgomery County, OH (39113),49,"531,239",9.2
Portage County, OH (39133),14,"161,921",Unreliable
Richland County, OH (39139),29,"121,107",23.9
Scioto County, OH (39145),13,"76,088",Unreliable
Seneca County, OH (39147),16,"55,353",Unreliable
Shelby County, OH (39149),21,"48,623",43.2
Stark County, OH (39151),49,"373,612",13.1
Summit County, OH (39153),104,"540,300",19.2
Trumbull County, OH (39155),26,"201,825",12.9
Tuscarawas County, OH (39157),23,"92,420",24.9
Warren County, OH (39165),12,"227,063",Unreliable
Washington County, OH (39167),10,"60,610",Unreliable
Wayne County, OH (39169),14,"116,470",Unreliable
Canadian County, OK (40017),13,"136,532",Unreliable
Carter County, OK (40019),11,"48,556",Unreliable
Cleveland County, OK (40027),16,"278,655",Unreliable
Comanche County, OK (40031),12,"122,136",Unreliable
Creek County, OK (40037),10,"71,312",Unreliable
Garfield County, OK (40047),11,"62,603",Unreliable
Kingfisher County, OK (40073),10,"15,638",Unreliable
McClain County, OK (40087),10,"38,682",Unreliable
Oklahoma County, OK (40109),102,"782,970",13
Payne County, OK (40119),12,"81,131",Unreliable
Pottawatomie County, OK (40125),12,"72,290",Unreliable
Stephens County, OK (40137),10,"44,090",Unreliable
Tulsa County, OK (40143),59,"642,940",9.2
Washington County, OK (40147),11,"52,087",Unreliable
Benton County, OR (41003),14,"89,385",Unreliable
Clackamas County, OR (41005),47,"408,062",11.5
Coos County, OR (41011),14,"63,761",Unreliable
Deschutes County, OR (41017),13,"181,307",Unreliable
Douglas County, OR (41019),23,"108,457",21.2
Jackson County, OR (41029),36,"216,527",16.6
Josephine County, OR (41033),31,"85,904",36.1
Klamath County, OR (41035),13,"66,443",Unreliable
Lane County, OR (41039),66,"369,519",17.9
Lincoln County, OR (41041),11,"47,806",Unreliable
Linn County, OR (41043),28,"122,849",22.8
Marion County, OR (41047),47,"336,316",14
Multnomah County, OR (41051),98,"799,766",12.3
Polk County, OR (41053),12,"81,823",Unreliable
Washington County, OR (41067),44,"582,779",7.6
Adams County, PA (42001),11,"102,180",Unreliable
Allegheny County, PA (42003),100,"1,225,365",8.2
Beaver County, PA (42007),21,"167,429",12.5
Berks County, PA (42011),46,"414,812",11.1
Blair County, PA (42013),14,"124,650",Unreliable
Bucks County, PA (42017),40,"626,399",6.4
Butler County, PA (42019),22,"186,847",11.8
Cambria County, PA (42021),36,"134,732",26.7
Carbon County, PA (42025),12,"63,594",Unreliable
Chester County, PA (42029),21,"516,312",4.1
Cumberland County, PA (42041),19,"248,506",Unreliable
Dauphin County, PA (42043),22,"273,707",8
Delaware County, PA (42045),37,"563,402",6.6
Erie County, PA (42049),15,"276,207",Unreliable
Fayette County, PA (42051),33,"132,733",24.9
Franklin County, PA (42055),19,"153,851",Unreliable
Jefferson County, PA (42065),10,"44,073",Unreliable
Lackawanna County, PA (42069),26,"211,321",12.3
Lancaster County, PA (42071),37,"538,500",6.9
Lawrence County, PA (42073),17,"87,294",Unreliable
Lehigh County, PA (42077),28,"363,147",7.7
Luzerne County, PA (42079),33,"316,383",10.4
Lycoming County, PA (42081),19,"115,248",Unreliable
Mercer County, PA (42085),16,"112,913",Unreliable
Monroe County, PA (42089),12,"166,098",Unreliable
Montgomery County, PA (42091),52,"821,725",6.3
Northampton County, PA (42095),30,"302,294",9.9
Philadelphia County, PA (42101),126,"1,567,872",8
Schuylkill County, PA (42107),10,"143,573",Unreliable
Washington County, PA (42125),20,"207,981",9.6
Westmoreland County, PA (42129),36,"355,458",10.1
York County, PA (42133),34,"443,744",7.7
Kent County, RI (44003),10,"164,614",Unreliable
Providence County, RI (44007),59,"633,673",9.3
Washington County, RI (44009),18,"126,288",Unreliable
Aiken County, SC (45003),10,"167,458",Unreliable
Anderson County, SC (45007),16,"196,569",Unreliable
Beaufort County, SC (45013),28,"183,149",15.3
Berkeley County, SC (45015),17,"210,898",Unreliable
Charleston County, SC (45019),23,"396,484",5.8
Dorchester County, SC (45035),11,"153,773",Unreliable
Florence County, SC (45041),16,"138,742",Unreliable
Georgetown County, SC (45043),11,"61,399",Unreliable
Greenville County, SC (45045),41,"498,766",8.2
Greenwood County, SC (45047),18,"70,133",Unreliable
Horry County, SC (45051),15,"322,342",Unreliable
Laurens County, SC (45059),12,"66,777",Unreliable
Lexington County, SC (45063),27,"286,196",9.4
Marion County, SC (45067),17,"31,726",Unreliable
Orangeburg County, SC (45075),18,"87,903",Unreliable
Richland County, SC (45079),33,"409,549",8.1
Spartanburg County, SC (45083),23,"301,463",7.6
Sumter County, SC (45085),14,"107,396",Unreliable
York County, SC (45091),28,"258,526",10.8
Minnehaha County, SD (46099),17,"187,318",Unreliable
Pennington County, SD (46103),11,"109,372",Unreliable
Blount County, TN (47009),15,"128,670",Unreliable
Cumberland County, TN (47035),24,"58,655",40.9
Davidson County, TN (47037),51,"684,410",7.5
Dyer County, TN (47045),11,"37,708",Unreliable
Gibson County, TN (47053),12,"49,401",Unreliable
Hamilton County, TN (47065),59,"357,738",16.5
Knox County, TN (47093),37,"456,132",8.1
McMinn County, TN (47107),18,"52,850",Unreliable
Madison County, TN (47113),10,"97,663",Unreliable
Montgomery County, TN (47125),10,"195,734",Unreliable
Rutherford County, TN (47149),24,"308,251",7.8
Shelby County, TN (47157),96,"934,603",10.3
Sumner County, TN (47165),12,"180,063",Unreliable
Tipton County, TN (47167),13,"61,303",Unreliable
Washington County, TN (47179),18,"127,440",Unreliable
Weakley County, TN (47183),18,"33,507",Unreliable
Williamson County, TN (47187),10,"219,107",Unreliable
Wilson County, TN (47189),11,"132,781",Unreliable
Angelina County, TX (48005),17,"87,791",Unreliable
Bell County, TX (48027),25,"340,411",7.3
Bexar County, TX (48029),128,"1,928,680",6.6
Brazoria County, TX (48039),36,"354,195",10.2
Brazos County, TX (48041),10,"220,417",Unreliable
Cameron County, TX (48061),36,"422,135",8.5
Collin County, TX (48085),34,"939,585",3.6
Comal County, TX (48091),12,"134,788",Unreliable
Dallas County, TX (48113),142,"2,574,984",5.5
Denton County, TX (48121),49,"806,180",6.1
Ellis County, TX (48139),12,"168,499",Unreliable
El Paso County, TX (48141),83,"837,918",9.9
Fayette County, TX (48149),18,"25,149",Unreliable
Fort Bend County, TX (48157),32,"741,237",4.3
Galveston County, TX (48167),55,"329,431",16.7
Grayson County, TX (48181),14,"128,235",Unreliable
Gregg County, TX (48183),14,"123,745",Unreliable
Harris County, TX (48201),258,"4,589,928",5.6
Hidalgo County, TX (48215),53,"849,843",6.2
Hunt County, TX (48231),13,"92,073",Unreliable
Jefferson County, TX (48245),31,"254,679",12.2
Kerr County, TX (48265),12,"51,504",Unreliable
Lubbock County, TX (48303),28,"303,137",9.2
McLennan County, TX (48309),22,"247,934",8.9
Montgomery County, TX (48339),33,"556,203",5.9
Nueces County, TX (48355),40,"361,350",11.1
Polk County, TX (48373),13,"47,916",Unreliable
Potter County, TX (48375),12,"120,832",Unreliable
Tarrant County, TX (48439),176,"2,016,872",8.7
Taylor County, TX (48441),12,"136,535",Unreliable
Tom Green County, TX (48451),10,"118,386",Unreliable
Travis County, TX (48453),58,"1,199,323",4.8
Victoria County, TX (48469),13,"92,467",Unreliable
Webb County, TX (48479),17,"271,193",Unreliable
Wichita County, TX (48485),21,"131,838",15.9
Williamson County, TX (48491),25,"528,718",4.7
Davis County, UT (49011),19,"342,281",Unreliable
Salt Lake County, UT (49035),77,"1,121,354",6.9
Utah County, UT (49049),16,"592,299",Unreliable
Washington County, UT (49053),10,"160,245",Unreliable
Weber County, UT (49057),10,"247,560",Unreliable
Chittenden County, VT (50007),13,"161,531",Unreliable
Franklin County, VT (50011),10,"48,915",Unreliable
Orleans County, VT (50019),10,"26,863",Unreliable
Albemarle County, VA (51003),12,"106,878",Unreliable
Bedford County, VA (51019),10,"77,960",Unreliable
Chesterfield County, VA (51041),26,"339,009",7.7
Fairfax County, VA (51059),48,"1,138,652",4.2
Henrico County, VA (51087),23,"326,501",7
Henry County, VA (51089),13,"51,445",Unreliable
Loudoun County, VA (51107),10,"385,945",Unreliable
Prince William County, VA (51153),24,"455,210",5.3
Chesapeake city, VA (51550),15,"237,940",Unreliable
Danville city, VA (51590),11,"41,898",Unreliable
Hampton city, VA (51650),18,"135,410",Unreliable
Lynchburg city, VA (51680),14,"80,212",Unreliable
Newport News city, VA (51700),16,"181,825",Unreliable
Norfolk city, VA (51710),22,"245,115",9
Portsmouth city, VA (51740),14,"95,252",Unreliable
Richmond city, VA (51760),22,"223,170",9.9
Roanoke city, VA (51770),15,"99,660",Unreliable
Virginia Beach city, VA (51810),21,"452,602",4.6
Benton County, WA (53005),16,"193,686",Unreliable
Clark County, WA (53011),36,"467,018",7.7
King County, WA (53033),157,"2,149,970",7.3
Kitsap County, WA (53035),24,"264,811",9.1
Lewis County, WA (53041),12,"77,066",Unreliable
Pierce County, WA (53053),77,"861,312",8.9
Skagit County, WA (53057),12,"123,681",Unreliable
Snohomish County, WA (53061),67,"787,620",8.5
Spokane County, WA (53063),52,"499,072",10.4
Thurston County, WA (53067),17,"275,222",Unreliable
Whatcom County, WA (53073),29,"216,800",13.4
Yakima County, WA (53077),25,"249,636",10
Cabell County, WV (54011),18,"95,987",Unreliable
Fayette County, WV (54019),13,"44,323",Unreliable
Harrison County, WV (54033),11,"68,400",Unreliable
Kanawha County, WV (54039),39,"186,241",20.9
Logan County, WV (54045),13,"33,700",Unreliable
Marion County, WV (54049),13,"56,538",Unreliable
Monongalia County, WV (54061),11,"104,622",Unreliable
Raleigh County, WV (54081),16,"76,601",Unreliable
Wood County, WV (54107),13,"85,643",Unreliable
Brown County, WI (55009),18,"260,401",Unreliable
Dane County, WI (55025),19,"531,273",Unreliable
Fond du Lac County, WI (55039),10,"102,144",Unreliable
Juneau County, WI (55057),12,"26,274",Unreliable
Kenosha County, WI (55059),16,"168,183",Unreliable
La Crosse County, WI (55063),10,"118,122",Unreliable
Marathon County, WI (55073),10,"135,603",Unreliable
Milwaukee County, WI (55079),111,"951,448",11.7
Outagamie County, WI (55087),11,"184,526",Unreliable
Racine County, WI (55101),19,"195,140",Unreliable
Rock County, WI (55105),12,"161,620",Unreliable
Sheboygan County, WI (55117),13,"115,427",Unreliable
Walworth County, WI (55127),10,"102,959",Unreliable
Waukesha County, WI (55133),44,"398,424",11
Winnebago County, WI (55139),15,"169,886",Unreliable
Wood County, WI (55141),16,"73,107",Unreliable
Laramie County, WY (56021),10,"98,136",Unreliable